{"cameraMode":{"drawMode":0,"name":"Shaded","section":"Shading Mode"},"sceneLighting":true,"audioPlay":false,"sceneViewState":{"m_AlwaysRefresh":false,"showFog":true,"showSkybox":true,"showFlares":true,"showImageEffects":true,"showParticleSystems":true,"showVisualEffectGraphs":true,"m_FxEnabled":true},"in2DMode":false,"pivot":{"x":-0.040563832968473437,"y":0.08067427575588227,"z":-0.2695828378200531},"rotation":{"x":-0.328585684299469,"y":-0.004804918076843023,"z":0.001672012615017593,"w":-0.9444625377655029},"size":0.4581802189350128,"orthographic":false}